{
  "ovh": {
    "apis": [
      "http://example.com/api?key=lol&host={host}&port={port}&time={duration}&method=ovh-tcp",
      "https://cloudflare.com?host={host}&port={port}&time={duration}&method=ovh"
    ]
  },
  "udp": {
    "apis": [
      "http://example.com/api?key=lol&host={host}&port={port}&time={duration}&method=udp-vip",
      "https://cloudflare.com?host={host}&port={port}&time={duration}&method=udp"
    ]
  },
  "tls": {
    "apis": [
      "http://example.com/api?key=lol&host={host}&port={port}&time={duration}&method=tls-vip",
      "https://cloudflare.com?host={host}&port={port}&time={duration}&method=udp"
    ]
  },
  "browser": {
    "apis": [
      "http://example.com/api?key=lol&host={host}&port={port}&time={duration}&method=browser-vip",
      "https://cloudflare.com?host={host}&port={port}&time={duration}&method=udp"
    ]
  },
  "tcp": {
    "apis": [
      "http://example.com/api?key=lol&host={host}&port={port}&time={duration}&method=tcp-vip",
      "https://cloudflare.com?host={host}&port={port}&time={duration}&method=udp"
    ]
  }
}