{
              "server": {
                            "server.port": 8080,
                            "server.listener": "127.0.0.1",
                            "server.privateKey": "./resources/server.ppk",
                            "server.application": {
                                          "server.application.name": "Hajime",
                                          "server.application.slaves": {
                                                        "server.application.slaves.port": 7070,
                                                        "server.application.slaves.listener": "127.0.0.1",
                                                        "server.application.slaves.payload": "<your_payload>"
                                          }
                            }
              },
              
              "database": {
                            "database.file": "./resources/database.sql"
              }
}